insert into persons (id, name, gender, birth_year, is_deceased, death_year, description) values
('00000000-0000-0000-0000-000000000001', 'Jagannath Mishra', 'male', 1936, true, 2004, 'Oldest known lineage anchor in the sample graph.'),
('00000000-0000-0000-0000-000000000002', 'Kamala Mishra', 'female', 1941, false, null, 'Spouse-side expansion begins here.'),
('00000000-0000-0000-0000-000000000003', 'Raghunath Mishra', 'male', 1961, false, null, 'A bark member with both ancestors and descendants recorded.'),
('00000000-0000-0000-0000-000000000004', 'Madhabi Mishra', 'female', 1966, false, null, 'Connected through marriage and maternal links.'),
('00000000-0000-0000-0000-000000000005', 'Sanjay Mishra', 'male', 1988, false, null, 'Branch layer in the sample graph.'),
('00000000-0000-0000-0000-000000000006', 'Anita Mishra', 'female', 1991, false, null, 'Spouse branch that opens another family cluster.'),
('00000000-0000-0000-0000-000000000007', 'Aarav Mishra', 'male', 2018, false, null, 'Leaf member.'),
('00000000-0000-0000-0000-000000000008', 'Mira Mishra', 'female', 2021, false, null, 'Youngest generation leaf.'),
('00000000-0000-0000-0000-000000000009', 'Riya Das', 'female', 1987, false, null, 'Anita’s elder sister; used to demonstrate loops.'),
('00000000-0000-0000-0000-000000000010', 'Biren Mishra', 'male', 1970, false, null, 'Grandfather’s youngest brother in the loop example.'),
('00000000-0000-0000-0000-000000000011', 'Jon', 'male', 1990, false, null, 'Honorary family member treated like a brother.'),
('00000000-0000-0000-0000-000000000012', 'Tara Mishra', 'female', 2012, true, 2014, 'Angel Bloom example.');

insert into relationships (id, from_person, to_person, relation_type) values
('10000000-0000-0000-0000-000000000001', '00000000-0000-0000-0000-000000000001', '00000000-0000-0000-0000-000000000003', 'parent'),
('10000000-0000-0000-0000-000000000002', '00000000-0000-0000-0000-000000000002', '00000000-0000-0000-0000-000000000003', 'parent'),
('10000000-0000-0000-0000-000000000003', '00000000-0000-0000-0000-000000000003', '00000000-0000-0000-0000-000000000005', 'parent'),
('10000000-0000-0000-0000-000000000004', '00000000-0000-0000-0000-000000000004', '00000000-0000-0000-0000-000000000005', 'parent'),
('10000000-0000-0000-0000-000000000005', '00000000-0000-0000-0000-000000000005', '00000000-0000-0000-0000-000000000007', 'parent'),
('10000000-0000-0000-0000-000000000006', '00000000-0000-0000-0000-000000000006', '00000000-0000-0000-0000-000000000007', 'parent'),
('10000000-0000-0000-0000-000000000007', '00000000-0000-0000-0000-000000000005', '00000000-0000-0000-0000-000000000008', 'parent'),
('10000000-0000-0000-0000-000000000008', '00000000-0000-0000-0000-000000000006', '00000000-0000-0000-0000-000000000008', 'parent'),
('10000000-0000-0000-0000-000000000009', '00000000-0000-0000-0000-000000000005', '00000000-0000-0000-0000-000000000006', 'spouse'),
('10000000-0000-0000-0000-000000000010', '00000000-0000-0000-0000-000000000006', '00000000-0000-0000-0000-000000000009', 'sibling'),
('10000000-0000-0000-0000-000000000011', '00000000-0000-0000-0000-000000000001', '00000000-0000-0000-0000-000000000010', 'sibling'),
('10000000-0000-0000-0000-000000000012', '00000000-0000-0000-0000-000000000009', '00000000-0000-0000-0000-000000000010', 'spouse'),
('10000000-0000-0000-0000-000000000013', '00000000-0000-0000-0000-000000000011', '00000000-0000-0000-0000-000000000007', 'honorary'),
('10000000-0000-0000-0000-000000000014', '00000000-0000-0000-0000-000000000003', '00000000-0000-0000-0000-000000000012', 'parent'),
('10000000-0000-0000-0000-000000000015', '00000000-0000-0000-0000-000000000004', '00000000-0000-0000-0000-000000000012', 'parent');

insert into updates (id, type, message, person_id, metadata) values
('20000000-0000-0000-0000-000000000001', 'member_added', 'Aarav Mishra was added as a new leaf in the family graph.', '00000000-0000-0000-0000-000000000007', '{}'::jsonb),
('20000000-0000-0000-0000-000000000002', 'relation_added', 'A spouse connection was added between Anita Mishra and Sanjay Mishra.', '00000000-0000-0000-0000-000000000006', '{}'::jsonb),
('20000000-0000-0000-0000-000000000003', 'loop_linked', 'A second family path was linked through Riya Das and Biren Mishra.', '00000000-0000-0000-0000-000000000009', '{}'::jsonb),
('20000000-0000-0000-0000-000000000004', 'honorary_added', 'Jon was added under close family connections.', '00000000-0000-0000-0000-000000000011', '{}'::jsonb);
